,Accuracy,Precision,Recall,F1-Score,AUC-ROC
Random Forest,0.907608695652174,0.9207920792079208,0.9117647058823529,0.916256157635468,0.9481109516977523
SVM,0.8858695652173914,0.9090909090909091,0.8823529411764706,0.8955223880597015,0.9250358680057389
KNN,0.8804347826086957,0.8773584905660378,0.9117647058823529,0.8942307692307693,0.9416547106647537
Logistic Regression,0.8913043478260869,0.9019607843137255,0.9019607843137255,0.9019607843137255,0.9300573888091822
